method,accuracy,precision_macro,recall_macro,f1_macro
k-NN (k=5),0.9833333333333333,0.9841269841269842,0.9833333333333334,0.9833229101521784
GaussianNB,0.9833333333333333,0.9841269841269842,0.9833333333333334,0.9833229101521784
